,Tweet,Label
0,"abd senatörü claire mccaskill'in (d-mo) ofisi, daily beast'teki olayla ilgili bir raporun ardından rus devlet destekli siber aktörler tarafından hedef alındığını duyurdu.",1
1,TrickBot botnetinin Diavol adlı yeni bir fidye yazılım bulaştırmaya başladığı tespit edildi,1
2,"DMO E-satış portalı üzerinden sizlere sunulan 40’dan fazla ürünümüze erişebilir, satın alma işlemlerinizi gerçekleştirebilirsiniz.   Ürünlerimiz hakkında daha detaylı bilgi almak için bilgi@barikat.com.tr adresinden bize ulaşabilirsiniz.",0
3,2019 Yılında Bulut Teknolojileri: Günümüzde Bulut Kullanımı ve Artan Riskler,0
4,"- biden, bt firmalarına yönelik son fidye yazılımı saldırısına kızdı - abd neden fidye yazılım saldırılarından bıktı? cuma günü bt firmalarının fidye yazılımı saldırısı, amerika birleşik devletleri başkanı joe biden'ı kızdırdı ve siber güvenlik fidye",0
5,eset ilk uefi rootkit siber saldırısını keşfetti. bilgisayarı tamamen ve kalıcı olarak ele geçirebilir tüm detaylar linkte..  eset esetturkey esetturkiye cybersecurity endpoint,1
6,SICAK GELİŞME - #Cisco ürünlerinde kritik zafiyet: Trust Anchor bypass edildi,1
7,Siber güvenliğe yatırım yapan firmalar hackerlerin hayatını değiştiriyor,0
8,Uzmanların yaygın olarak kullandığı zararlı yazılım analiz gereçleri,0
9,Bilgisayarınız aşırı ısınmaya başlıyorsa indirdiğiniz oyunlara göz atın! Korsan oyun indirdiyseniz arka planda çalışan zararlı madenci yazılımlar olabilir! 👉,0
10,"avustralya parlamentosu'nun her iki evindeki bilgisayar sistemlerine de saldırı düzenlendi. i̇ktidardaki liberal-ulusal koalisyon partisi ve ana muhalefet partisi i̇şçi partisi'nin sistemleri tehlikeye girdi, ancak seçim müdahalesine dair hiçbir kanıt yok.",1
11,Linux işletim sistemini etkileyen kritik GHOST (CVE-2015-0235) açığı yayınlandı. RedHat'in açıkla ilgili duyurusu:  http://t.co/wxyqxHR9Za,1
12,"Üniversite son sınıf öğrencisi ya da yeni mezunsanız, SKP tam size göre!   Mezuniyet öncesinde kariyerini siber güvenlik alanına yönlendirmek isteyen tüm adayları adresindeki formu doldurmaya bekliyoruz.",0
13,"bir tehdit aktörü, casusluk amacıyla alman dışişleri bakanlığı'nı tehlikeye attı.",0
14,bilgi güvenliği kapsamında sunduğumuz uyumluluk faaliyetleri ile ilgili istatistiksel bilgileri ve tespitleri içeren faaliyet raporumuz yayında! ocak 2021 faaliyet raporumuzun tamamı linkte:,0
15,"sofistike bir siber saldırıda, bilgisayar korsanları bankaların ağlarına sızarak, çek ve tasarruf hesabı bilgileri de dahil olmak üzere gigabaytlarca veriyi sömürdü.",1
16,Doğal felaketlere karşı en iyi korunma elbette ki; dayanıklı veri merkezlerinin inşaası...  http://t.co/GclUmlnVi3,0
17,Evren Pazoğlu sunumunda araştırmalara göre; 5 yıl içinde dünya çapında 1.5 milyon siber güvenlik personel ihtiyacı doğacağını belirtti.,0
18,10 yıllık *nix root yetki yükseltme zafiyeti keşfedildi,1
19,. @Siber_Bulten Türkiye'de siber güvenlik yüksek lisans programı açan üniversitelerin haritası hazırladı   #siberkariyer #sibergüvenlik  Daha çok insanın faydalanması için 'elinize sağlık' RT'nizi alırız 😎,0
20,"suudi bilgisayar korsanları kingdom, gazeteci ben hubbard'ı nso group'un pegasus kötü amaçlı yazılımını telefonuna yüklemesi için kandırmaya çalışmak için bir kimlik avı saldırısı başlattı. hubbard, kendisine kısa mesajla gönderilen virüslü bağlantıya tıkladığını hatırlamıyor ve telefonuna virüs bulaşıp bulaşmadığı bilinmiyor.",1
21,ABD'de ağ güvenliği konusunda önde gelen kurumlarından Purdue Üniversitesi Bilgisayar Mühendisliği Bölüm Başkanlığına Dongyang Xu getirildi,0
22,piyasada çok önemli bir yeri olan curve un blockchain devoloper ı  ve ekibi açığı tespit ettiler blockchain deki bir smart-contract degişitirilemedigi icin bu tür güvenlik aciklarinda kendi kendine hacklemek uygulanan bir yöntem,1
23,Fırsatı kaçırmayın!  Cemal Taner'in @taner_cemal hazırladığı Udemy'deki siber güvenlik eğitimleri için indirim kuponları linkte:   Son kayıt tarihi 29 Eylül,0
24,"bir tehdit aktörü, finspy olarak da bilinen finfisher'ı cep telefonlarına ve bilgisayarlara bulaştırmak ve hedefleri gözetim altına almak için kullandı. endonezya hükümeti olduğu iddia edilen tehdit aktörü, kimliklerini gizlemek için avustralya'nın ultimo kentindeki global switch sydney east veri merkezinde bir proxy sunucusu kullandı.",1
25,"bir tehdit aktörü, casusluk amacıyla askeri ve devlet personeli, gazeteciler ve sivil toplum kuruluşları da dahil olmak üzere 1.800'den fazla google hesabına hedefli kimlik avı kampanyası yürüttü.",1
26,yeni sim kart zafiyeti kullanılarak bir sms ile telefon ele geçirebiliyor,1
27,WhatsApp aboneliği görünümündeki Phishing saldırısına dikkat,0
28,Maryland eyaleti pandemi süreci boyunca siber tehditlere karşı Ulusal Muahfız ekiplerinden destek aldığını açıkladı  Ulusal Muhafızlar (National Guard) eyalet ve federal hükümete bağlı rezerv kuvvetler olarak biliniyor,0
29,Türkiye'de ve dünyada siber güvenlik konusunda takip edilmesi gerektiğini düşündüğünüz hesapları hangileri?  Tavsiyelerinizi yoruma bekliyoruz,0
30,"Sakın bilgisayarınızı yalnız bırakmayın!  Eindhoven Üniversitesinden Björn Ruytenberg, Intel'in geliştirdiği kablo arabirimi Thunderbolt'ta bulduğu açıkla cihaza fiziksel erişimi bulunan bir hackerın tüm verileri alabileceğini gösterdi",1
31,Android cihazlarda milyonlarca kişinin kullandığı uygulamada büyük tehlike! Popüler Barkod okuyucusu bir güncellemeyle zararlı yazılıma dönüştü,1
32,"bir tehdit aktörü, casusluk amacıyla ukrayna'daki e-posta hesaplarını ele geçirmeye çalıştı.",1
33,"dezenformasyonla mücadelede dev iş birliği! twitter, uluslararası haber ajansları reuters ve ap ile çalışacak!",0
34,“BARİKAT 2019 Siber Güvenlik Zirvesi” #Ankara dan sonra bugün de #istanbul etkinliğimizi tamamladık.🧩 #BARİKAT ailesi olarak; Organizasyonumuza yoğun ilgi gösteren değerli katılımcılara ve iş ortaklarımıza teşekkür ederiz.👥 #SiberGüvenlik2019 #Barikat2019 #Ankara #İstanbul,0
35,@fusunnebil Saldırıyla ilgili yeni bilgi: @ziyaxanalbeniz saldırının Spoofed SYN Flood saldırısı olabileceğini yazdı,1
36,"kaynaklar, gelir departmanının veri analitiği yoluyla 931 sahte gst iadesi talebi vakası tespit ettiğini ve şimdi gst veri analitiği kanadını, ters vergi yapısı için ülke çapında tüm geçmiş ve bekleyen geri ödeme taleplerini incelemekle görevlendirdiğini söyledi.",1
37,TryHackme İle Uygulamalı Siber Güvenlik Eğitimi- 1Aylık VIP Abonelik Hediyeli,0
38,"Dünya 5G'ye hazırlanırken en büyük sorulardan bir tanesi geçişin nasıl uygulanacağı  Positive Technologies'in yayınladığı rapora göre, 5G'ye geçişin başlangıç noktası 4G'yi güvenli hale getirmek   #5Gmigration",0
39,"CIA 2017 yılında yaşanan veri sızıntısıyla ilgili raporunu açıkladı  Buna göre, istihbarat kurumu 2.2 milyar gizli dökümanın Wikileaks'e sızdırılmasında  güvenlik eksikliğinin olduğunu kabul etti",1
40,ARŞİV'den @mminhac yazısı  Liselerde siber güvenlik eğitimi mümkün mü? Türkiye ve İsrail örnekleri,0
41,Eski ABD Başkanı Obama'nın Anayurt Güvenliği danışmanı Lisa Monaco:  Devletler geçtiğimiz 2 buçuk sene içerisinde #siber alanda diğer tehdit unsurlarından çok daha güçlü hale geldi,0
42,Dikkat! Bluetooth tarayıcıları soygunculara davetiye çıkarıyor,0
43,"Yuvarlak Masa Etkinliğimiz Mövenpick Hotel, Ankara’da başladı. #sibergüvenlik #siper #güvenlik",0
44,telegram kullanıcıları dikkat! güvenlik açığı keşfedildi   aracılığıyla telegram,1
45,"yetkililer, sanıkların, çalınan hesap bilgilerini içeren hediye kartlarını, makineden 17.00 dolardan fazla para almak için yeniden kodladığını söyledi.",0
46,"abd'de 200 şirkete fidye siber saldırısı amerika birleşik devletleri'ndeki büyük şirketler çok geniş kapsamlı siber saldırıya uğradı. siber güvenlik firması huntress labs, saldırıya uğrayan firma sayısının 200'den fazla old",1
47,"Barikat Webinar Serisi “Tüm Dosya ve Dokümanlara Uzaktan Erişim ve Paylaşımda En Güvenli, Hızlı Çözüm!” 28 Nisan Salı günü saat 10:30'da FileOrbis ile gerçekleştireceğimiz webinarımıza aşağıdaki bağlantı üzerinden kayıt yaptırmayı unutmayın:",0
48,"demokrat senatörler, bush yönetimini askeri personelle ilgili verilerin çalınması konusunda beceriksizlikle suçladılar.",1
49,"Araç hırsızlığının önüne geçilmesi için geliştirilen araç takip cihazları, sahip oldukları güvenlik açıkları sebebiyle hackerlerin hedefinde.  #araçtakipsistemleri",0
50,"Hindu milliyetçisi Mondi hükümeti, azınlıkları hedef almak için Silikon Vadisi şirketlerinin platformlarını kullanıyor  Nefret söylemine karşı adım atacaklarını söyleyen sosyal medya devleri ise Hindistan'da yaşananlara sessiz kalıyor",0
51,"cnn'in avrupa birliği siber güvenlik ajansına (enisa) dayandırdığı habere göre, kıtada 2020'de kritik sektörleri hedef alan 304 organize siber saldırı tespit edildi.",1
52,"Black Hat Konferasındaki bir sponsorlu konuşmaya tepki gelince, konuşma videosu internetten kaldırıldı.   Araştırmacılar, 'Time AI' konuşmasına kullanıcıların güvenliğini tehlikeye atacak bir şifreleme önerdiği için tepki gösterdiklerini söyledi",0
53,. @guvenlikmedya tarafından hazırlanan sitesindeki 'Şifreleme Oyununu' denediniz mi?,0
54,iPhone sahipleri dikkat! Birçok modelde çalışan yeni jailbreak gereci tespit edildi,1
55,Biden ve Putin zirvesinin ardından ABD'ye yönelik Rus destekli siber saldırılar devam ederken Rus grubu Cozy Bear'e ait sunucular tespit edildi,1
56,Linux kurucusundan gizemli İsrail şirketine ‘borsa manipülasyonu’ tepkisi,0
57,ABD Siber Komutnalığının tespit ettiği SlouthfulMedia ismi verilen operasyonda Çin Devleti için çalışan hackerların Rusya ve Hindistan'a siber espiyonaj saldırısı düzenlendiği belirlendi,1
58,"Exchange Server'daki güvenlik açıklıklarının ardından Microsoft, sisteminizin saldırıya açık olup olmadığını öğrenmeye yarayan bir yazılım çıkardı  Açıkları istismar eden Çinli #Hafnium grubunun on binlerce sisteme sızdığı tespit edildi",1
59,T-mobile saldırısında Türkiye ve CIA bağlantısı şüphesi! 👉,0
60,Kaspersky otomatik tespit teknolojileri bir Windows sıfır gün açığı buldu. Bu açık sayesinde saldırganlar hedef aldıkları makinelerde üst düzey yetki sahibi olabiliyor ve Google Chrome tarayıcısındaki koruma mekanizmalarından kaçınabiliyor.,1
61,Ayrıca sitesine üye olup ücretsiz API desteği ile (günde 50 request) güncel güvenlik açığı veri tabanını kullanarak sorgulama yapabilirsiniz. Bunun için --api-token parametresiyle beraber aldığınız API token yazılmalıdır.,0
62,". podcast'in bu bölümünde watchguard cso'su corey nachreiner, dosyasız kötü amaçlı yazılım ve kriptomadenciliği saldırı oranlarının ayrı ayrı yaklaşık %900 ve %25 arttığını ortaya koyan en son i̇nternet güvenlik raporu’muzu tartışıyor.",0
63,"Bu nedenle, kimlik avı e-postaları için gelen kutularını taramak, fidye yazılımı bulaşmalarını ve mali kayıpları önlemek için en önemli adımlardan biri haline geliyor.",0
64,Daha önce Metasploitable ve Nessus kurulumu görmüştük. Şimdi Nessus ile Metasploitable'da zafiyet tespiti yapalım.  Nessus ana sayfasında New Scan düğmesine tıklıyoruz.  #NessusİleMetasploitabledaZafiyetTespiti,0
65,angola'nın eski başkanının kızı isabel dos santos'un ülkenin zenginliğini kendini zenginleştirmek için nasıl sömürdüğünü gösteren çok sayıda belge sızdırıldı.,0
66,"bir tehdit aktörü, alman enerji teknolojisi şirketi siemens, kimya şirketi basf ve tüketim malları şirketi henkel'e uzaktan arka kapı erişimi sağlamak için bir truva atı kullandı. alman olmayan şirketler roche, lion air ve marriott da hedef alındı.",1
67,“Ağ Hijyeninin Ötesinde” raporunu edinebilmek veya raporla detaylı bilgi alabilmek için lütfen müşteri temsilcinizle irtibat kurunuz.,0
68,"Hacktivizim Bahane Para Kazanmak Şahane Şirket verilerinden kişisel verilere, siyasi olaylardan eğlence sektörüne kadar her yerde hackerlerin ayak izleri görülüyor.",0
69,GDPR yürürlükte: En çok şikayet tele pazarlamadan,0
70,"Metasploit Framework, hem ofansif hem de defansif güvenlikte kullanılan açık kaynaklı ve Ruby dili ile yazılmış bir  platformdur. Metaspolit Framework Kali Linux ile kurulu olarak gelmektedir.  #MetasploitFrameworkNedirNasılKullanılır",0
71,"amerika birleşik devletleri başkanlığı, siber saldırıya uğradı. bakanlığın siber güvenlik departmanı ihlal bildiriminde bulundu! sibergüvenlik",1
72,‘Sektörün Parlayan Yıldızları’ Picus ve Trapmine: Global olmanın yolu sürekli inovasyon,0
73,Dünyadan bir çok Bilisim Güvenligi uzmaninin katildigi @RSAConference bugün San Francisco'da cesitli ön seminerlerle aciliyor.,0
74,Sadece bir grafiğe izinsiz erişim sağlanması dünyanın en büyük firmalarından birini nasıl zor duruma düşürdü?   Intel'in finansal çeyrek raporundaki bir grafiğin web'e sızdırılması şirketin planlanandan önce raporu açıklamasına neden oldu,1
75,"üç adam 30.00'den fazla kişiden kredi bilgilerini çalmakla suçlandı. savcılar, bu süreçte adamların en az 2,7 milyon dolar çaldığını söylüyor.",0
76,"Sanal âlemi kontrol etmeye çalışan Rusya, Google ve Apple’ı nasıl suç ortağı yaptı? 👉",0
77,@MrXc_THT Snowden ilk başlangıcı yaptı. Wikileaks devamını getiriyor..,0
78,ŞİRKETLERİN İNANMAYA SON VERMESİ GEREKTİĞİ 5 SİBER GÜVENLİK EFSANESİ  Siber suçların küresel çaptaki maliyetinin 2021 yılı sonuna kadar 6 trilyon dolar olacağı tahmin ediliyor.,0
79,Çin'de yeni SIM kart almak için yüz taratmak zorunlu oldu,0
80,Güney Kore'de 'nükleer hacking'  Kuzey Koreli hackerların bir ay önce G. Kore Nükleer Araştırma Enstitüsüne sızdıkları ortaya çıktı.  Nükleer sırların sızmış olması durumunda ülkenin en büyük güvenlik zafiyetinin gerçekleşmiş olabileceği değerlendiriliyor,1
81,"abd, kamu kurumlarındaki güvenlik açıklarını bulup bildirmeyi amaçlaya güvenlik araştırmacıları için zafiyet bildirim platformunu (vdp) devreye soktu",0
82,"bir tehdit aktörü, ukraynalı topçu birliklerinin hedeflemeye yardımcı olmak için kullandığı bir mobil uygulamanın güvenliğini ihlal etti. uygulamanın uzlaşmasının, tehdit aktörünün doğu ukrayna'da rus destekli isyancılar tarafından askeri hedef alınmasını kolaylaştırmak için ukrayna birimlerinin hareketlerini izlemesine izin verdiğine inanılıyor.",1
83,Çinli siber saldırganlar ünlü Amerikan şirketlerini hacklemiş,1
84,windows 10 zero-day exploit kodu yayımlandı,1
85,"yeni fidye yazılım çetesi blackmatter, ilk saldırısında linux tabanlı şifreleyici kullandı! hedefte vmware esxi sunucuları vardı!",1
86,RDM Projesi: Dezenformasyonla eğitimi kullanarak mücadele ediyorlar   #disinformation,0
87,"tehdit aktörü, demokrasi yanlısı aktivistleri kötü amaçlı yazılım yüklü android uygulamalarını indirip yüklemeye ikna ederek hedef aldı ve tehdit aktörlerinin güvenliği ihlal edilmiş telefonlardaki konuşmaları uzaktan izlemesine ve kaydetmesine izin verdi.",1
88,ÖZEL RÖPORTAJ: Türkiye’nin en büyük veri hırsızlığını Siber Bülten’e anlattı (arşiv),0
89,"İsrail yapımı WhatsApp casus yazılımı Pegasus'un Pakistan'da üst düzey yetkililere karşı kullanıldığı ortaya çıktı  Pegasus'un daha önce de Hintli muhaliflere karşı kullanılması, son operasyonun arkasında Hint hükümeti olabileceği şüphelerini artırdı.",1
90,Açık kaynak istihbaratı İskandinav ülkelerindeki dezenformasyon operasyonlarına karşı koymada nasıl etkili olabilir?,0
91,Azerbaycan'a yönelik yeni stenografi saldırısı tespit edildi  Word dokümanı içine gizlenen RAT truva atının askeri ve kamu kurumlarını hedeflediği ortaya çıktı  Azeri-Ermeni askeri gerginliği sırasında da Azeri sistemleri hedef alınmıştı,1
92,Dünyaya büyük bir değişim getirecek olan Nesnelerin İnterneti #IoT nedir?   Hayatı kolaylaştırması beklenen yenilikler güvenlik ve mahremiyet risklerini giderebilecek mi?,0
93,"Kobalos adı verilen kötü amaçlı yazılımın diğer hedefleri arasında, Kuzey Amerika uç nokta güvenlik satıcısı olan büyük bir Asya internet servis sağlayıcısı ve bir çok özel sunucu da yer alıyor.",1
94,"bir tehdit aktörü, yahoo'nun hesap oturum açma sürecindeki bir güvenlik açığından yararlanarak, yahoo'nun kullanıcı hesaplarına parola olmadan erişmesine izin verdi. yaklaşık otuz iki milyon hesap etkilendi.",1
95,Kötü amaçlı yazılım araştırmacıları FIN7 olarak bilinen finansal siber suçlara motive olmuş siber suç grubu tarafından Carbanak arka kapısının daha taze yapılarını yüklemek için kullanılan yeni bir araç ortaya çıkardılar.  #Carbanak #FIN7,1
96,Dünya Covid-19 aşısını beklerken skandal bir haber geldi:  Avrupa İlaç Ajansı’na siber saldırı: Biontech’in aşı belgeleri ele geçirildi,1
97,"tehdit aktörleri, hindistan başbakanının ofisindeki bilgisayarları ele geçirdi.",1
98,"Kendiniz hakkında çevrimiçi olarak ne kadar çok bilgi yayınlarsanız, bir siber saldırganın sizi hedeflemesi ve size veya kuruluşunuza karşı özel saldırılar oluşturması o kadar kolay olur.",0
99,Kritik altyapıların çoğu 40 yıllık protokolü kullanıyor,0
100,"çinli bilgisayar korsanları, askeri kullanım için geliştirilmekte olan denizcilik teknolojisiyle ilgili araştırmaları çalma planının bir parçası olarak amerika birleşik devletleri, kanada ve güneydoğu asya'daki yirmi yedi üniversiteyi hedef aldı.",1
101,İranlı hackerlar da fidye yazılımın tadını aldı  RDP sunucularına saldıran hackerlar Dharma fidye yazılımını yaymak için uğraşmışlar,1
102,"76.00 $ değerindeki çamurlu kuruşlar, tex, lubbock'taki self-storage şirketinin sahibi robert massengale tarafından temizleniyor; amerika birleşik devletleri darphanesi'nden federal rezerv şubesine giderken düşen traktör römorkundan yeni basılan peniler düştü; p..",0
103,"Sahte Apple imzası, 11 yıldır hackerlere hizmet ediyormuş",1
104,Barikat'ın beraber çalıştığı üreticilerden olan McAfee firmasının detaylı GHOST incelemesi için lütfen tıklayınız:,0
105,#NATO sistemlerinin #SolarWinds saldırısından etkilenip etkilenmediğini araştırdığını açıkladı,1
106,"Teknopark İstanbul, Siber Güvenlik Kuluçka Merkezi’ni kurmaya hazırlanıyor",0
107,Deep Tweets: Sinir ağları ile gerçek kişiler üzerinde çalışan sahte profil hesapları sosyal medyayı ele mi geçirecek?,0
108,"fransız bankası société générale'de milyarlarca dolarlık yetkisiz bahis yapmakla suçlanan eski bir tüccarın eylemleriyle ilgili yeni ayrıntılar, bankayı, bankanın kabul ettiğinden altı ay önce, temmuz ayında önemli bir ticari zarara maruz bıraktığını gösterdi.",0
109,ben de anlamadım virüs bulaşmış. truva atı fln diyo,1
110,"orta ve güneydoğu asya'da birden fazla tehdit aktörü telekom ağlarını tehlikeye attı. saldırılar, diplomatları ve devlet yetkililerini hedef alan daha geniş bir siber casusluk kampanyasının parçasıydı ve çin'in devlet zulmünden kaçmak için kullandıkları bir dizi geçiş yolu boyunca uygurların hareketlerini takip etme yeteneği ve niyetine işaret ediyor.",1
111,"Çin’li bir hacker grubu ABD’yi kendi silahıyla vurdu!       Çin’li bir siber tehdit grubunun 2016’da tespit edilen bir sızıntıdan çok daha önce, ABD 'nin kullandığı siber araçları ele geçirerek bu ülkeye karşı kullandığı ortaya çıktı.",1
112,Dünyanın en büyük dark web pazarına dev operasyon! Avrupa Polis Teşkilatı Europol'ün koordine ettiği operasyonla dünyanın en büyük yasadışı sanal alışveriş pazarı olan DarkMarket çökertildi,0
113,"çalışanları, sonunda sınıflandırılmış verileri çalan kötü amaçlı yazılımları indirmeye ikna etmek için sosyal mühendislik ve yüksek iş ilanlarını kullanmaktan sorumludur.",0
114,"Kuzey Koreli hackerlar Covid-19 aşısının araştırma bilgilerine ulaşmaya çalıştı  Kaspersky'nin verdiği bilgiye göre, 2 özel firma ile bir bakanlık #Lazarus grubun düzenlediği sızma operasyonlarının hedefinde",1
115,"Facebook, İranlı hacker grubuna nefes aldırmıyor! Zararlı yazılımlı içeren siteler ve sahte profiller kaldırıldı! 👉",1
116,#Barikat Siber Güvenlik Uzmanları Yetiştiriyor!👁 Eğitimimiz 23 Eylül – 04 Ekim 2019 tarihleri arası Barikat Ankara Ofisimizde gerçekleştirilecek.👥 Program hakkında daha fazla bilgi edinmek ve kayıt yaptırmak için kayit@barikat.com.tr adresine mail atabilirsiniz.  #işbulma,0
117,i̇ran demiryolu sistemine yapılan saldırının ayrıntıları ortaya çıktı. fidye yazılım olduğu düşünülen saldırının arkasından girdiği sistemi silen meteor wiper zararlısı olduğu tespit edildi başka bir wiper suudi petrol üreticisi aramco'yu hedef almıştı,1
118,"çin hükümeti korsanları, abd-çin ticaret müzakerelerinde faydalı olabilecek bilgileri çalmak için ulusal üreticiler birliği'ne saldırdı.",1
119,‘Siber saldırılar küresel demokrasiyi tehdit edebilir’,0
120,[Sunum] Zararlı JavaScript Analizi,0
121,Play Store'dan indirilebilen 9 uygulamanın kullanıcıların Facebook giriş bilgilerini çaldığı tespit edildi  Uygulamalar yaklaşık 6 milyon kez indirilmiş,1
122,"çalışanlar, masum kurbanları dolandırmak amacıyla spam e-postalar göndermek için dünya çapında dokuz milyon bilgisayarı ele geçirdiği için rusya merkezli olduğuna inanılan grubu izlemişti.",0
123,"Fidye yazılım saldırganları boş durmuyor!  İskoçya Çevre Koruma Ajansına saldıran korsanlar, devlete ait stratejik bilgileri ve sözleşmeleri içeren 4 binden fazla belgeyi ifşa etti",1
124,@wurtyco Kali ve Parrot içinde hazır geliyor.,0
125,RT @gazibisat: #gaziseconf18 adlı Siber Güvenlik Konferansımıza sponsor olan Platin sponsorumuz @BarikatBilGuv Şirketine teşekkür ederiz. @…,0
126,tehdit aktörleri hava durumu ağı verilerine erişti,1
127,"bu tehdit aktörü, sivil toplum kuruluşu çalışanları, gazeteciler veya diğer sahte kişiler gibi davranarak whatsapp mesajlarında kötü niyetli bağlantılar göndererek tibet gruplarının kıdemli üyelerini hedef aldı.",1
128,"marriott, starwood otel rezervasyon sisteminde beş yüz milyona kadar müşteriyi etkileyen büyük bir veri ihlali bildirdi. abd'li özel dedektifler, saldırının arkasında çin'in olduğuna inanıyor.",1
129,#Azerbeycan ın başkenti #Bakü de gerçekleştirdiğimiz “Siber Güvenlik Çalıştayı”mızın ilk günündeyiz. Çalıştayımız toplam 2 gün sürecek. (27-28 Haziran) 1️⃣ @Mhcandan #siberguvenlik,0
130,"adı açıklanmayan abd devlet kurumunun çalışanlarını, hedef odaklı kimlik avı kampanyası yoluyla bilgisayarlarına kötü amaçlı yazılım yüklemeleri için kandırmaya çalıştı.",1
131,"ancak, pekin'in 2016 siber güvenlik yasasının siber güvenlik incelemelerini bir ulusal güvenlik sorunu olarak çerçevelemesi gibi, yeni yasa da ""temel devlet verilerini"" yanlış kullandığı tespit edilen firmaların ağır para cezalarıyla karşı karşıya kalabileceğini ifade ediyor.",0
132,"DARPA, ilk bug bounty yarışmasından geçer not aldı! ABD Savunma Bakanlığının düzenlediği etkinlikte sistemler yazılım tabanlı donanım tehditlerine dayanıklı çıktı",1
133,"t-mobile veri ihlali, son yılların en büyük ihlalleri arasında yerini aldı. şirket olayla ilgili son istatistikleri açıklamaya devam ediyor. t-mobile veri ihlali için yeni istatistikler abd’nin en büyük üçüncü kablosuz operatörü t-mobile, ağustos",1
134,Pentagon’un güvenli telefonları ve tabletlerine dair 5 gerçek,0
135,"Fidye yazılımı çetelerinden bir kısmı kolluk kuvvetlerine karşı havlu atarken, bazıları da metotlarını güçlendiriyor  Ryuk çetesinin geçtiğimiz aylarda sistemlere sızmak için daha çok RDP sunucularını hedeflediği tespit edildi",1
136,yeni ortaya çıkan blackmatter fidye yazılım çetesi önceki grupların en iyi yöntemlerini bünyesinde birleştirdiğini iddia ediyor. revil ve darkside'ın ortadan kaybolmasından sonra ortaya çıkan grup kurumsal sistemlere erişim satın alıyor,1
137,2013 yılında altyapısını buluta geçirmeye başlayan #CIA 1 milyar dolarlık yeni bulut hizmeti alımı için kolları sıvadı,0
138,Ava giden giden avlandı!   Çalıntı kredi kartı sitesi Swarmshop 600 bin kartın bilgisini çaldırdı 👇,1
139,Google haber teyitleme için arama motoru çıkardı,0
140,Keepnet Labs @keepnetlabs oltalama saldırıları trendleri 2020 raporunu yayınladı,0
141,"Asker eşlerini tehdit edenler, İŞID değil Ruslarmış",0
142,"2. İstenmeyen e-postalar için e-posta hareketlerinizi izleyin ve asla şüpheli bağlantılara veya reklamlara tıklamayın. Çoğu fidye yazılımı, kullanıcıları cihazlarındaki kötü amaçlı dosyaları tıklamaya veya indirmeye ikna eden e-posta ekleri aracılığıyla gönderiliyor.",1
143,"@IBMSecurity ile birlikte düzenlendiğimiz “Yeni Nesil Etkin Güvenlik İzleme ve Olay Müdahale” seminerimizde #BARIKAT Hizmet Satış Birim Yöneticimiz @BahadirGokhan “Yeni Nesil Siber Güvenlik Operasyon Merkezi: Bilinmeyen Doğrular, Yapılan Yanlışlar” sunumunu yaptı.",0
144,.@ctaslaman ile @say_cem #yapayzeka ve bilinç konusunu tartışıyor,0
145,"queens'li bir genç olan shiva brent sharma, kredi kartı numaralarını çalarak ve 30.00 dolardan fazla ürün tahsil ederek aol müşterilerini dolandırmakla suçlanıyor; benzer i̇nternet dolandırıcılığı suçlamalarıyla yargılanmayı bekliyor (s)",0
146,Bu bölümde Linux işletim sisteminde kullanılan temel komutların kullanımlarını açıklamaya kaldığımız yerden devam ediyoruz. Dilerseniz  bu seri ile ilgili diğer yazılarımızı da sitemizden okuyabilirsiniz …  1) history :,0
147,#BARİKAT ARGE Direktörümüz @neziryucesoy sunumunda gerçek bir test sistemine #DDoS  demosu yapıyor. #live 🗣  #LoDDoS @loddosglobal #istanbul #SiberGüvenlik2019 #Barikat2019,0
148,“BARİKAT 2019 Siber Güvenlik Zirvesi” etkinliğimiz başlıyor. 🧩⌛️🛡 #live  #SiberGüvenlik2019 #Barikat2019 #Barikat #Ankara #Cybersecurity,0
149,yeni bir web saldırısı keşfedildi! cpdos (önbellek zehirlemesi ile hizmet reddi),1
150,"Belçika hükümeti Sızdırılan verilerin (mail, parola) sorgulayabilme hizmeti veren Have I been Pwned ile iş birliği konusunda anlaştı  Belçika, insiyatif ile birlikte çalışan 19. devlet oldu",0
151,Belçika İçişleri Bakanlığına 2019'da başlayan bir siber saldırı düzenlendiği açıklandı  Espiyonaj saldırısının martta tespit edilmesine rağmen mayıs ayında duyurulması dikkat çekti  AB liderleri siber güvenlik toplantısının ardından Rusya'yı suçlamıştı,1
152,Koronavirüs nedeniyle yaşanan panik havasından yararlanmak isteyen siber saldırganlara fırsat vermeyin!  Güvenmediğiniz yerlerden gelen 'Ücretsiz online kütüphane' vb. linklere lütfen tıklamayın,0
153,"teşkilatın siber silahlarının seri bir şekilde sızdırılması morale zarar verdi, istihbarat operasyonlarını yavaşlattı ve dünya çapındaki işletmelere ve sivillere yönelik hack saldırılarıyla sonuçlandı.",1
154,Kötü amaçlı yazılımın cihazınızı ele geçirebileceği 7 yol,0
155,Siber Saldırı Sonucu 200 Bin Apple Hesabı Hacklendi.!,1
156,Yapılan kapsamlı toplantıların ardından bu çok önemli iş ortaklığı pasta kesilerek kutlandı. Ofansif Güvenlik anlamında ülkemizde ve bölgemizde yapılacak olan bu en kapsamlı projenin ülkemiz için hayırlı olmasını dileriz. #IGA #CyberSecurity 3️⃣,0
157,ABD'de her gün milyonlarca kişinin seyahat ettiği New York'un metro sistemine sızıldığı ortaya çıktı  Ulaşım Ajansının sistemine Çinli hackerların nisan ayında erişim sağladığı resmi kurumlar tarafından doğrulandı,1
158,Mac bilgisayarları etkileyen yeni fidye yazılım #EvilQuest bildiğiniz gibi değil   Sadece dosyaları şifrelemekle yetinmeyen zararli yazılım aynı zamanda parolaları çalıp kredi kartı bilgilerini ele geçirebiliyor,1
159,DDoS saldırıları internet üzerinden hizmet veren tüm organizasyonlar için risk oluşturmaktadır. Bu tip saldırılara karşı gerekli hazırlıkların yapılması ve sistemlerin #DDoS dayanıklılığının sürekli olarak test edilerek savunma mekanizmalarının iyileştirilmesi önemlidir.,0
160,"bu tehdit aktörü, destekçilerin kişisel bilgilerini çalmak için uluslararası af örgütü hong kong'un sistemini tehlikeye attı.",1
161,"Fidye yazılım tehdidini gören Biden, bu ay 30 ülkeyi toplantıya çağırıyor! Sanal ortamda gerçekleşecek toplantıya hangi ülkelerin çağrılacağı açıklanmadı! 👉",0
162,"djh mechanical associates ltd, new york şehri okul i̇nşaat otoritesine, çalışanlarına devlet müteahhitlerinin (s) ihtiyaç duyduğu faydaları sağladığını yanlış bir şekilde bildirdiği suçlamasıyla brooklyn federal mahkemesinde suçunu kabul etti.",0
163,Kuzey Koreli hacker grubu Lazarus'un geçtiğimiz 5-6 sene içerisinde düzenlediği saldırıların anlatıldığı derli toplu bir mini-podcast serisi,0
164,güvenlik açığı oldu!,1
165,"tehdit aktörleri, dışişleri bakanlığı'ndaki güvenliği ihlal edilmiş ağlardan erişimi kullanarak sınıflandırılmamış beyaz saray ağlarını tehlikeye attı.",1
166,Facebook ve Bing'den Türkçe koronavirüs bilgilendirme hizmetleri,0
167,"bir tehdit aktörü, i̇sviçre federal savunma, sivil koruma ve spor bakanlığı tarafından kontrol edilen sunucuları hedef aldı.",1
168,"İnternet lüks olmaktan çıktı, kesintinin siyasi etkileri oluyor",0
169,Dünyadaki siber güvenlik uzmanı açığı giderek artıyor.   ABD'de CISO'ların yıllık maaş ortalaması: 224 bin$ Güvenlik mimarlarının 122 bin $ Güvenlik danışmanlarının 114 bin $  Pentest uzmanlarının 88 bin $ olduğu açıklandı  Yakında uzmanlar böyle dolaşacak 👇👇,0
170,"Geçtiğimiz günlerde New Orleans şehri, acil servisler hariç şehrin sunucularının ve bilgisayarlarının kapatılmasına neden olan bir fidye yazılım saldırısına maruz kaldı.",1
171,"Her geçen gün artan fidye yazılım saldırıları sigorta şirketlerini pes ettirdi! Firmalar fidye ödemeye yanaşmazken, sigorta şirketleri maliyetleri hesab ediyor!",0
172,Sahte WhatsApp uygulaması Google Play Store’da 1 milyondan fazla indirildi,0
173,"Güvenli mail için yaygın olarak kullanılan Proton Mail, İsviçre makamlarından gelen resmi talep üzerine bazı kullanıcılarının IP adreslerini polise verdi.   Gelen bilgi üzerine Fransa'da tutuklamalar oldu",0
174,"microsoft excel'in eski kullanıcıları, office savunmalarını devre dışı bırakmak ve zloader truva atını iletmek için yeni bir kötü amaçlı yazılım gizleme tekniği kullanan bir kötü amaçlı yazılım kampanyasında hedefleniyor.",1
175,2 milyar kayıttan oluşan bir veritabanı sızdırıldı!,1
176,"siber casusların yeni hedefi diplomatlar siber güvenlik firması eset, yeni apt grubu backdoordiplomacy’nin afrika ülkeleri ve orta doğu’daki diplomatlara saldırdığını tespit etti.",1
177,Gmail kötü amaçlı eklentilere yapay zeka ile savaş açtı,0
178,"bir tehdit aktörü, singapur'daki en büyük sağlık hizmeti sağlayıcısı olan singhealth'in ağlarını tehlikeye atar. 160.00 kişinin ilaç reçeteleri de dahil olmak üzere 1,5 milyondan fazla hastanın kişisel verileri tehlikeye girdi.",1
179,1988'de Off the Hook adlı bilgi teknolojisinin toplumsal sonuçlarına ve insanların nasıl kullandıklarını düzenleyen yasalara odaklanan Emmanuel Goldstein'ın ev sahipliği yaptığı hacker odaklı haftalık radyo programı ilk yayınını yaptı,0
180,"Trend Micro ve Ponemon Enstitüsü'nün ortak çalışmasıyla 'Siber Risk Enkesi' oluşturuldu  IT personel sayısı, güvenlik bütçesi ve ilgili diğer bilgileri vererek siz de kurumunuzun siber riskini hesaplayabilirsiniz",0
181,"Fransız IT hizmet sağlayıcısı Atos, Almanya'nın kriptografi alanındaki uzmanlığıyla öne çıkan şirketi Cryptovision'ı satın aldı",0
182,WhatsApp kullanıcıları dikkat!  8 Mart Dünya Kadınlar Günü'nü fırsat bilen saldırganların hedefi olabilirsiniz!  Siber korsanlar Adidas ayakkabı vaadiyle çekiliş linki göndererek hassas bilgilerinizi çalmaya çalışıyor!,1
183,dakshina kananda bölgesindeki kadaba polis karakolu sakinlerinin bir otp dolandırıcılığına kurban gittiği ve 1 lakh rs civarında kaybettiği iddia ediliyor.,1
184,"“Game of Thrones”dan çalınan, Sony’nin 7 katı büyüklüğünde",0
185,Kaçırılmayacak fırsat: 10 CISO küçük ekiplerle siber güvenliği nasıl yönettiklerini bu kitapta anlattı  Kitabı ücretsiz olarak indirmek için:,0
186,çocuk istismarıyla mücadelede görsel tarama sistemi tepki çekmişti apple mahremiyet eleştirilerine yanıt verdi!,0
187,RT @taner_cemal: Cisco CCNA Eğitimlerinde kullandığımız Packet Tracer programını tanımak için ücretsiz bir eğitim.,0
188,Neşet Sertaç Katal “SIPER Tehdit İstihbaratı” #YuvarlakMasaEtkinliği  #sibergüvenlik #siper #güvenlik,0
189,Bu sebeple kurum ve kuruluş altyapılarında kullanılmakta olan Güvenlik Bilgi ve Olay Yönetimi (SIEM) bileşenleri önemli bir yapı taşı haline gelmiştir. 2️⃣,0
190,"100 bin dolar verin, Facebook ile seçim sonucu değişsin!",0
191,"Efsane Cuma, Siber Pazartesi ve yeni yıl geride kaldı. Aramızdan bazı şanslılar hediye paketlerini açtığında yepyeni bir dizüstü bilgisayar, akıllı telefon ya da tablete kavuşmuş olabilir.  #EsetTurkiye",0
192,"Sağlık krizini fırsat bilen siber korsanlar, atak sayısını artırdı. Home ofis çalışanlarının VPN bağlantı seçenekleri ile kendilerini güvence altına alabileceklerini söyleyen Zyxel Kanal Satış Müdürü Ömer Faruk Erünsal, güvenli uzaktan erişim  #Sibergüven",1
193,"san francisco merkezli lookout firması, kripto madenciliği hizmetleri sunan ancak bunun yerine masum kullanıcılardan para çalan 172 sahte android uygulaması tespit etti. siber güvenlik firması lookout, yüzlerce sahte android uygulaması kullanan çok",1
194,Milyonlarca Android kullanıcısı tehlike altında: Güvenlik açıkları bulunan onlarca popüler uygulama Google'un eski kütüphanesini kullanmaya devam ediyor,0
195,temmuz başında revil fidye yazılım çetesinin kaseya firmasına düzenlediği saldırıının şifre çözücü anahtarı hacker forumlarına sızdı,1
196,"i̇srail hükümeti olduğuna inanılan bir tehdit aktörü, rusya merkezli bir siber güvenlik şirketi olan kaspersky labs'ı tehlikeye attı. i̇ddiaya göre kaspersky'nin tavizi, i̇srail istihbaratının abd yetkililerine eski bir müteahhitin ulusal güvenlik ajansı'ndan gelen verileri ev bilgisayarında sınıflandırdığına dair tüyo vermesine yol açtı.",1
197,biden ve putin zirvesinin ardından abd'ye yönelik rus destekli siber saldırılar devam ederken rus grubu cozy bear'e ait sunucular tespit edildi,1
198,"Reflected XSS Nasıl yapılır?  Reflected XSS kullanıcının girilmesi beklenen parametre yerine Javascript, html kodu girerek bunu ekrana yansıtması ile tespit edilebilen XSS çeşitidir.  #ReflectedXSS",0
199,Neden Rusya'nın ABD'li kurumları siber saldırıyla gafil avlaması bu kadar önemli ve neden ABD'li yöneticiler bu olayı 'en kötü senaryoya' en yakın hack olarak nitelendiriyorlar?,0
200,rus destekli solarwinds saldırganlarının bir abd'li savcının e-posta adresine izinsiz erişim sağladığı ortaya çıktı saldırganlar 6 ay boyunca mailleri izlemiş,1
201,Saldırılarda bugüne kadar istenmiş en yüksek fidye Acer'dan talep edildi  Revil fidye yazılım saldırısına uğrayan Tayvanlı bilgisayar üreticisinden 50 milyon$ istendi Fidye kısa zamanda ödenmezse miktar iki katına çıkacak,1
202,"suudi arabistan hükümeti, suudi telefon şirketleri aracılığıyla talep göndererek abd'deki suudileri izlemek için küresel sinyal sistemi 7'deki (ss7) kusurları kullandı.",1
203,Casusluğa karşı en güvenli 5 mesajlaşma uygulaması #whatsapp,0
204,"Türkiye'deki yapay zeka girişmlerini listeleyen, Türkiye Yapay Zeka İnsiyatifi Girişimler Haritası yayınlandı",0
205,"james bubiak ve raymond medeiros, i̇nternet servis sağlayıcısı panix.com'un bilgisayar sistemini hacklemek, orada buldukları kredi kartı numaralarını çalmak ve bunları çevrimiçi oyun, müzik ve yemek satın almak için kullanmakla suçlanıyor (s)",1
206,“Cyber Security Summit” seni geleceğin mesleği ile tanışmaya çağırıyor,0
207,Dünya Geneline Yayılan Fidye Yazılım: WannaCry,0
208,İngiliz polisin favori şifresi: Police,0
209,t-mobile veri ihlali ile mücadele ediyor,1
210,"iPhone'un kullandığı teknolojilerin gelişmesinde payı olan ABD'li devlet kurumları  Deniz Kuvvetlerinden, Ordu Araştırma Ofisi'ne kadar birçok askeri kurumun bulunması dikkat çekiyor",0
211,“E-Ticaret'te Siber Güvenlik Çözümleri Etkinliği”miz Wyndham Grand İstanbul Kalamış Otel’de başladı. Organizasyonumuza gösterdikleri ilgi için tüm katılımcılara teşekkür ederiz. #istanbul,0
212,"Türkiye’deki internetin kalbinden, siber güvenlik programı",0
213,Facebook'taki tarihi kesinti sırasında Türk Telekom'da neler oldu,0
214,Riyad yönetiminden biyometrik güvenliğe büyük yatırım,0
215,Kaspersky araştırmacıları Android cihazlarını hedef alan gelişmiş bir saldırı tespit etti. Saldırının OceanLotus adlı gelişmiş kalıcı saldırı grubuyla bağlantılı olabileceği tahmin ediliyor.  #Malware #Sibergüvenlik,1
216,"Pentagon, çalışanlarının kişisel bilgilerinin sızdırıldığını açıkladı",1
217,Intel işlemcilerde “BranchScope” isimli yeni zafiyet keşfedildi,1
218,Bollywood'un hacker komedisi Mickey Virus' u (2013) listenize ekleyin!   İki hackerın öldürüldüğü bir olay sonrası polis bir hackerdan yardım istemeye karar verir ve gündüz manav olarak çalışan gece anti-virüs şirketleri için kod yazan birini bulur...,0
219,"Uzaktan çalışanlara yönelik siber saldırılar %140 arttı  Siber güvenlik kuruluşu ESET, 2020 Üçüncü Çeyrek dönemi için hazırladığı Tehdit Raporu’nu yayınladı.  #Sibergüvenlik",1
220,"2020’nin ikinci yarısında siber saldırılar en üst seviyeye çıktı  Geçen yılın ikinci yarısında siber saldırganlar, uzaktan çalışanları ya da eğitim alanları ve dijital tedarik zincirini hedef aldı",1
221,Gazetecilerin imdadına yapay zeka yetişti! Hakaret açısından riskli haberleri tespit eden sistem habercileri hakaret davalarından kurtaracak! 👉,0
222,amd işlemcilerde yeni bir sanallaştırma güvenlik açığı keşfedildi,1
223,Deloitte’in müşterilerine ait hassas veriler sızdırıldı,1
224,"Kazak hükümet pandemiyi bahane etti, gözünü vatandaşın internet trafiğine dikti",0
225,Tesla'nın sürücüsüz arabası kaza yaptı. Araçtaki iki kişi hayatını kaybetti.   Kazadan sonra 'Hukuki sorumluluk kimde?' sorusu gündeme geldi. Yazarımız Selin Çetin @robolegist hukuki açıdan kazayı yorumladı,0
226,Türkiye'de 12 bin kurumda 800000 personel @ESETTurkiye ürünlerini kullaniyor.,0
227,"veri i̇hlali maliyetleri, pandemi sırasında rekor düzeye ulaştı ibm security araştırmasına katılan şirketlerde, global düzeyde veri ihlali ortalama 4,24 milyon dolara mal olurken, türkiye’de ise bu maliyet ortalama 1,78 milyon dolar seviyesinde.",0
228,"İranlı hackerlar, fidyeci gibi davranıp İsrail'den veri çalıyor",1
229,"Hatırlarsanız geçen günlerde ""Google, iPhone Marka Telefonları İki Yıldır Hedef Alan Bir Siber Saldırı Keşfetti"" şeklinde bir haber yapmıştık.  #AppledanİtirazVar",1
230,“Türkiye’de elektrikleri İran Siber Timi kesti”,1
231,"Google, Hong Kong protestoları sırasında dezenformasyon kampanyası yürüttüğü tespit edilen 210 YouTube kanalını kapattı",0
232,"Pandemi sonrası uzak masaüstü (RDP) erişimi, kredi kartı bilgisi ve kiralık DDoS satışları patladı! Flashpoint’in 2002 Dark Web piyasasını raporuna göre siber tehdit unsurları arasında söz konusu suçlar için rekabet arttı.",1
233,Montreal toplu ulaşım sistemi fidye yazılım saldırısının kurbanı oldu,1
234,Trend Micro'nun küresel araştırmasına katılan IT yöneticilerinin %89'u yazılım geliştiriciler ile güvenlik ekibi arasında iletişimin yetersiz olduğunu ve geliştirilmesi gerektiğini düşünüyor,0
235,"bir tehdit aktörü, endüstri uzmanları tarafından yazılmış kötü amaçlı yazılım içeren microsoft word belgelerini e-postayla göndererek abd merkezli varlıkları hedef aldı. truva atlı belgeler nükleer caydırıcılık, kuzey kore'nin nükleer denizaltı programı ve kuzey kore rejimine yönelik ekonomik yaptırımları tartıştı. bu olayın ağustos sonbahar açıklığı kampanyasının bir uzantısı olduğuna inanılıyor.",1
236,ABD'de boru hattı fidye yazılım saldırısına uğradı!  Saldırı sonrası tesis zorunlu olarak kapandı!,1
237,#Baltimore belediyesini hedef alan fidye yazılım saldırısında yetkililer para ödemeyi reddedince hassas bilgiler Twitter'a sızdırıldı,1
238,Mouse babasını kaybetti😥  Bilgisayar faresinin mucidi William English 91 yaşında hayatını kaybetti,0
239,"bir tehdit aktörü, new york times gibi çin'de yasaklanan internet içeriğine erişimi engellemek için github'a karşı bir hizmet reddi saldırısı başlattı. olay, çin hükümetiyle bağlantılı olduğuna inanılan tehdit aktörlerinin büyük top adlı bir aracı kullandığı ilk olaydı.",1
240,"Siber güvenlik dünyasındaki gelişmeleri dinlemek, diğer kurumlarla buluşmak ve biraz da eğlenmek için sizi CPX 2017 – İstanbul etkinliğine davet ediyoruz. 🔗",0
241,uefi rootkit siber saldırısı keşfedildi uefirootkit eset cumartesi,1
242,"Adobe'nin sahip olduğu e-ticaret platformu Magento, kısa süre önce bazı Magento Marketplace kullanıcılarına, yetkisiz bir üçüncü tarafın hesap bilgilerine erişim sağladığını bildirdi.  #MagentoMarket",1
243,"#Barikat hashtag#sibergüvenlik hashtag#cyberdefense hashtag#CyberSecurity hashtag#tip 📝 dan yapılan Güven Damgası başvurusuna bulunmadan en fazla 3 ay önce ve her takvim yılı içinde en az bir defa yapılacak olan teknik denetimlerden birisi olan ""Güven Damgası Sızma Testinizi"" yaptırmak için bizimle iletişime geçebilirsiniz. 🧩2️⃣  #penetration",0
244,"tehdit aktörleri, senatör ben nelson ile ilişkili bilgisayarları ele geçirdi ve veriler sızdırıldı.",1
245,"bilgisayar korsanları, tayvanlı ve güney koreli video oyun şirketlerinin sistemlerini tehlikeye atmak için bir arka kapıdan yararlandı.",1
246,“Emerging Technologies for Cybersecurity” panelinde şirketimiz adına CEO’muz @Mhcandan “Is SOC a solution to cyber security problems?” konulu sunumu yaptı. @SavunmaSanayii  #cyberwarandsecurityconference #CyberSecurity,0
247,"perakendeci, bilgisayar korsanlarının posta ve e-posta adresleri, telefon numaraları ve isimler dahil olmak üzere başlangıçta bildirilenden daha geniş bir veri hazinesini çaldığını açıkladı.",1
248,"#KVKK Süreç Yönetimi ve Güvenlik Çözümleri Programı #Trabzon da gerçekleştiriliyor.🧩 @Netcom1986 #netcom, #datacenter #network #kvkk, #storage #sibergüvenlik #Barikat 1️⃣",0
249,güvenlik uzmanları ilk uefi rootkit siber saldırısını keşfetti!,1
250,"bu tehdit aktörü, hükümet yetkililerinin, aktivistlerin ve pekin'i ilgilendiren muhaliflerin kişisel verileri için küresel telekomünikasyon şirketlerini hackledi.",1
251,"Huawei, Siber Bülten'e verdiği özel brifingde Çin'de uygulamaya konulan 5G teknolojilerini anlattı  Minhac Çelik'in @mminhac yazısı: 5G, yeni ‘Soma felaketlerini’ engelleyebilecek mi?",0
252,"en yaygın olarak, ödeme yapılan bağlantıya her tıklandığında arama motoru tarafından kazanılan ücretlerin bir kısmını alan dönek ortaklar olduğunda veya rakip şirketler kasıtlı olarak yeniden oluşturmayan aşırı tıklamalar oluşturduğunda ortaya çıkan, büyüyen tıklama sahtekarlığı sorunuyla ilgili makale.",0
253,"Siber saldırganlardan yeni yöntem!  Hackledikleri sitelere kurbanları yönlendiren saldırganlar, sahte 'sertifika uyarısıyla' uzaktan erişim elde ediyor",1
254,"2020 yılının zararlı fidye yazılımı trendi: “DarkSide” nedir? Dosyaları şifreleyerek, dosya adlarını değiştirerek ve bazı fidye notları oluşturarak dosyaları erişilemez hale getiren bir fidye yazılımı olan DarkSide, 2020 yılının ortalarından beri gündemde.",0
255,Rusya’nın ardından Çin de gözünü seçimlere dikti,0
256,"FireEye Mandiant, dünya ekonomisine yönelik en önemli 5 tehdit arasında sayılan fidye yazılım saldırıları ile ilgili başlattığı eğitim serisine devam ediyor  Ücretsiz eğitimlere kayıt olmak ve bilgi almak için:",0
257,"'Televizyonlarimizi ortalama en az 5 yilda bir degistirdigimizi ve ureticilerin Smart TV yazilimlarini 6 ay guncel tuttugu dusunulurse,",0
258,"@sert_ctrl Merhaba, Siber Savunma Komutanlığımız 2012 yılında kurulmuştur. GES Komutanlığı da lağvedilmemiş, MİT bünyesine geçmiştir.",0
259,"bir tehdit aktörü, bayer'in bilgisayar sistemine kötü amaçlı yazılım yerleştirdi, ancak şirket tarafından bildirildiği üzere herhangi bir bilgi çalmadı.",1
260,"Google açıkladı, Kuzey Koreli hackerların hedefinde siber güvenlik araştırmacıları var  K. Korelilerin beyaz şapkalı hackerlarla sosyal medya üzerinden temas kurmaya çalıştığı tespit edildi",0
261,"Kimlik yönetişimi yapan SailPoint şirketi, bulut güvenliği ile çalışmalar yapan iki şirketi 37.5 milyon dolara satın aldı",0
262,"bilgisayar korsanları, alman kritik altyapı şirketlerinin bilgi teknolojisi (bt) sistemlerine erişmek için tedarik zinciri güvenlik açıklarını kullandı.",1
263,Facebook ile İsrailli NSO arasında savaş kızışıyor: Çalışanların hesapları silindi,1
264,"sağlık ve insan hizmetleri sekreteri kathleen sebelius, devlet yetkililerini sağlık sistemini elden geçiren yeni yasayı istismar etmek için sahte sigorta poliçeleri pazarladığı bildirilen “dolandırıcılara” karşı harekete geçmeye çağırdı.",0
265,"bir tehdit aktörü avustralya parlamentosu'nun bilgisayar ağını hedef aldı. bilgisayar korsanları, parlamento ağını ve en büyük üç siyasi partinin ağlarını ihlal etti.",1
266,Google'un yüz tanıma gibi teknolojilerde istismarı önlemek için bazı özellikleri sınırlıyor ya da geliştirmiyor oluşu rakiplerinin yararlandığı bir zayıflık olarak görülüyor.  Etik ile teknolojik ilerleme arasındaki gerilim Google'ı nasıl etkileyecek?,0
267,"“Strateji çalışmaları ocakta başlamalı, kapasite geliştirmeye öncelik verilmeli”",0
268,Apple kullanıcıları dikkat:   TikTok AccuWeather  Overstock  AliExpress  Call of Duty Mobile  Patreon Google News  uygulamalarının clipboard'u (pano) okuduğu ortaya çıktı   Son yazılım güncellemesini mutlaka yapın!,1
269,"çin hükümeti destekli bir tehdit aktörü olan winnti umbrella, protestolar sırasında hong kong'daki iki üniversitenin bilgisayar sistemlerine kötü amaçlı yazılım yükledi. hong kong'daki diğer üç üniversite aynı anda hedef alınabilirdi.",1
270,[Sunum] Tuzak Sistem ile Hacker Avı,0
271,"çok zengin amerikalılar ve şirketler tarafından yabancı yatırımlara ilişkin kuralları manipüle ederek sermaye kazançları vergisinden kaçmak için en az 200 kez kullanılan bir vergi sığınağı, dün hazine bakanlığı tarafından kapatıldı.",0
272,"Eski çalışanından çarpıcı itiraflar: ""Facebook demokrasiye zarar veriyor"" 👉",0
273,Herhangi bir antivirüs çözümü kullanıyor musunuz? Kullanıyorsanız hangisi?,0
274,"windows 10 printnightmare kabusu henüz bitmedi  printnightmare durumunun, microsoft̵yeni sıfır günlük yazdırma biriktiricisi güvenlik açığı keşfedildi. cve-2021-36958 olar..",1
275,"bir savcı, “bugün açıklanmayan davalarda iddia edilen dolandırıcılık planlarının gerçek bir dolandırıcılık smorgasbordunu yansıttığını” söyledi.",0
276,"bir tehdit aktörü, blombank, byblosbank, credit libanais dahil olmak üzere lübnan merkezli birkaç bankanın hesaplarını hedeflemek için gauss adlı bir araç kullandı.",1
277,Siber güvenlik fiziksel güvenlikle başlar. Örneğin sunucularınızın ve ağ cihazlarınızın olduğu bir kabinet var ve bu kabinetin kilidi anahtar paspasın altında misali üstte duruyor. Kilidin üzerinde duranları da görmedim değil.  #KevinMitnick #SızmaSanatı,0
278,"siber dünya bu kez gözlerini, rusya destekli olduğu düşünülen fidye yazılım çetesi revil‘in üzerine dikti. fidye yazılımı çetesi revil’in, 5 binden fazla sisteme fidye yazılımı bulaştırma girişiminde bulunduğu tespit edildi.",1
279,“BARİKAT 2019 Siber Güvenlik Zirvesi” etkinliğimiz başladı. #istanbul 🧩⌛️🛡 #live 🗣  #SiberGüvenlik2019 #Barikat2019 #Barikat #Cybersecurity,0
280,Stadyumlar olası İHA saldırıları karşısında korumasız,0
281,"i̇ddiaya göre çin bağlantılı bir tehdit aktörü olan gallium, birkaç ay boyunca dünya çapındaki telekom şirketlerine saldırdı.",1
282,17 milyon müşterisi bulunan domain yöneticisi GoDaddy sistemlerinde veri ihlali olduğunu kabul etti.   Kaç müşterinin etkilendiği henüz bilinmediği açıklandı,1
283,AB blokzinciri konsorsiyumu PharmaLedger büyüyor,0
284,Fidye yazılımların yeni ekran yüzü Obama,0
285,Michigan State Üniversitesi'nin Facebook ile birlikte yaptığı çalışmaya YZ teknolojileri ile hazırlanmış #deepfake görüntülerini yakaladı.  Geliştirilen teknikle görüntüyü hazırlayanlar takip edilerek diğer deepfake'ler de tespit edilebiliyor,0
286,İran'ın Kara Şövalyesini öldüren suikast siber saldırıları tetikleyecek mi? CIA'ciler Twitter'da ne diyor?,0
287,"Kaspersky Anti-Virus, Internet Security, Total Security, Free Anti-Virus, Security Cloud ve Small Office Security ürünlerinde bulunan web koruma özelliklerini etkileyen birçok güvenlik açığı tespit edildi.  #Kaspersky",1
288,"bir araştırmaya göre, milyonlarca müşteriden gelen kişisel veriler google, facebook ve diğer izleyicilere ulaşarak, çevrimiçi olarak takip edilmelerini ve reklamlarla hedeflenmelerini kolaylaştırdı.",0
289,"Ragnarok adlı yeni bir fidye yazılımının, CVE-2019-19781 istismarına karşı savunmasız Citrix ADC sunucularına yönelik saldırılarda kullanıldığı tespit edildi.  #Citrix #Fidyeyazılımı #ransomware",1
290,Siber güvenlik şirketlerini hedef alan saldırılar dikkat çekiyor  SonicWall'dan sonra antivirüs geliştirici Emsisoft da saldırganların hedefindeydi  Şirket teknik logların bulunduğu veri tabanına sızılarak veri çalındığını kabul etti,1
291,ABD’li komutan: Siber uzmanlar birimimiz için hayati önem taşıyor,0
292,"bu tehdit aktörü, casusluk amacıyla mısır ve i̇srail'deki hükümet ve askeri kuruluşları hedef alıyor.",1
293,"bazı bankalar, müşterilerini banka hesaplarına girmeye çalışan i̇nternet korsanlarına karşı korumak için ücretsiz yazılımlar sunar.",0
294,"Bir grup bağımsız anonim araştırmacı, 2019 yılında veri ihlallerinde sızan en popüler 200 parolanın bir listesini oluşturdu ve güvenlik firması NordPass ile paylaştı.  #ŞifreDeğilParola",0
295,Siber Güvenlikte Kamu-Özel Sektör İşbirliği Mümkün mü?,0
296,Singapur 'Denizcilik #Siber Güvenlik Operasyon Merkezi' kurdu,0
297,İtalya'da siber saldırı aşı randevu sistemini felç etti! Lazio bölgesindeki hastane sistemine düzenlenen saldırı aşılamayı da aksattı! 👉,1
298,"bir tehdit aktörü, bir dizi saldırı ile avrupalı ​​havacılık şirketi airbus'ın tedarikçileri tarafından kullanılan sanal özel ağları (vpn'ler) hedef aldı. saldırılar, airbus'ın dünyanın en güçlü pervaneli motorlarından biriyle tasarlanan askeri nakliye uçağı a400m ile ilgili belgelerin çalınması da dahil olmak üzere verilere yetkisiz erişimle sonuçlandı.",1
299,"i̇ranlı tehdit aktörleri abd, i̇srail, suudi arabistan ve başka yerlerdeki düzinelerce şirketi hedef aldı. i̇lk erişim için vpn'leri kullandılar ve tedarik zinciri saldırıları yoluyla ek şirketleri ihlal ettiler.",1
300,"FBI, Conti fidye yazılım grubunun en az 16 sağlık kuruluşunu hedef alarak saldırı gerçekleştirdiğini duyurdu  Grup bu zamana kadar 290'ı ABD'de olmak üzere 400 kuruma saldırdı",1
301,"Tüm sektörlerde gerçekleşen dijitalleşme, en çok KOBİ’lerin değişime uğramasına neden oluyor. Birçok KOBİ’nin web sitesi, hatta mobil uygulamaları bile bulunuyor.  #Komtera #Sibergüvenlik",0
